time,speed,gradient
0,0,0
6.673,3.6,0
14.751,3.6,0.997542
17.493,3.6,0.306127
20.88,3.6,0
24.964,3.6,0
28.585,3.6,-0
30.636,5,-0
39.409,5,0.0267792
47.368,4.4,-0
49.019,4.2,-0
50.996,2.2,-0
65.682,2.2,0
80.16,2.2,-0
85.127,2.2,0.258252
91.031,3.3,0
104.49,3.3,0
110.136,3.3,-0
135.908,2.5,-0.0131572
141.292,3.3,-0
144.499,3.3,-0
148.47,3.3,0
151.162,4.4,-0
154.289,4.2,0
158.31,4.2,0
174.686,4.2,0.0523792
178.459,6.7,-0
182.444,7.2,0
186.482,7.2,0
193.451,7.8,-0.30607
199.338,7.8,-0.847465
202.226,9.4,-0
211.924,9.4,-0.0503775
215.63,9.4,-0
218.602,10.3,-0
224.277,10.3,-0.0762978
227.721,10.3,-0
229.619,10.8,-0
230.934,10.8,-0
236.129,9.7,0.159738
238.236,9.7,-0
240.412,9.7,0
241.504,8.3,-0
242.81,8.6,0
244.199,8.6,0
245.263,8.6,-0
246.391,8.6,0.197393
249.159,8.6,0
254.644,8.3,0
256.67,8.3,-0
257.683,8.3,-0
258.594,8.3,-0
260.731,8.3,0
261.736,8.3,-0
262.717,8.3,-0
264.215,8.3,0
265.388,8.3,-0
266.336,8.3,-0
267.613,8.3,0
268.965,8.3,0
271.7,8.3,0
274.557,8.3,0
277.314,8.3,1.46592
278.796,8.3,-0
280.284,8.3,0
286.711,8.3,0
309.384,2.5,-1.21609
311.329,5.3,-0
312.902,5.3,-0
313.222,5.8,-0
313.515,5.8,0
315.94,5.6,0
324.114,5.6,0
325.982,5.3,-0
327.525,5.3,-0
331.894,3.3,-0
334.026,3.3,-0
348.566,3.3,-0.0627195
360.862,3.3,-0
363.061,3.3,-0
366.09,3.3,-0
374.112,3.1,0
374.745,4.4,-0
380.601,4.4,-0.0301633
383.631,4.4,-0.0718761
388.196,5.8,0
392.651,5.8,0
396.909,5.8,-0
403.861,5.8,0
405.235,5.8,-0
408.116,8.1,-0
411.086,8.1,0.005917
415.044,8.1,0
418.935,8.1,-1.0637
420.897,8.1,-0
422.895,8.1,0
428.376,3.6,0
430.728,3.6,-0
432.855,3.6,-0
437.903,3.6,0
440.989,3.6,-0.183622
443.805,3.6,-0
444.434,3.6,-0
451.97,3.6,0
454.463,3.6,-0
458.537,7.8,0
460.232,7.8,-0
462.118,7.8,0
463.835,7.8,-0
465.175,8.9,-0
466.397,8.9,0.35877
468.222,8.9,-0.0377181
469.542,8.9,-0
470.886,8.9,0
473.404,8.9,0
479.976,8.6,0
482.561,8.6,-0
485.622,8.6,0.501013
487.825,8.6,-0
490.365,8.6,0
492.842,8.6,-0
494.272,6.4,-0
495.857,6.4,0
499.363,6.4,0
500.745,6.4,0.0596307
519.343,8.3,0
522.16,8.1,-0
528.033,6.9,0
539.921,3.6,-0.533708
544.643,3.6,-0
549.236,3.6,-0
552.039,3.1,-0
555.769,3.1,0
559.963,3.1,0
563.479,3.1,-0
567.044,3.1,0
573.258,3.1,0
583.943,3.1,-0.00735298
592.017,2.2,-0
616.587,1.9,0
620.368,1.9,-0
624.057,8.6,0
625.347,10.3,0
628.422,10.3,0
629.963,10.3,-0
632.582,8.1,0
633.81,8.1,0.204316
645.784,8.1,0
649.625,8.1,-0
650.738,8.1,-0.179057
651.748,8.1,-0
652.85,8.1,0
653.914,8.1,-0
654.822,8.1,-0
655.674,8.1,-0
656.572,8.1,0
657.569,8.1,0
658.747,8.1,0
662.314,8.1,0.0929952
671.741,6.7,0
674.171,6.7,-0
677.048,8.9,0
678.375,8.9,-0
679.679,8.9,-0
680.738,8.9,0.938047
681.746,8.9,-0
682.538,8.9,-0
683.376,8.9,0
684.225,8.9,0
685.067,8.9,0
686.002,8.9,0
687.077,8.9,0
687.987,8.9,-0
688.985,8.9,0
690.186,8.9,0
691.385,8.9,0
692.907,8.9,0.767218
694.796,8.9,0
699.869,8.9,-0.112596
708.214,8.9,0
719.787,8.9,0.00699292
725.555,8.9,0.0213559
728.61,20,0.215358
732.847,20,0
736.822,20,0.72547
744.117,20,0
746.831,20,-0.0414158
749.954,20,-0.143583
754.222,20,0.039281
755.96,20,-0
758.076,20,0
760.058,20,-0.189988
762.513,20,0
764.851,20,1.20682
767.124,20,0.165149
769.148,20,-0
770.978,20,-0
772.923,20.6,0.531724
775.378,20.6,0
778.451,20.6,-0.0624188
784.52,20.6,0
785.172,20.8,0.0144004
789.555,21.4,0.0124993
796.334,21.4,0.0077819
801.187,21.4,0.00970838
804.398,21.4,-0
807.489,21.4,-0.432408
809.843,21.4,-0
811.665,21.4,-0
814.144,21.4,0.15478
817.129,21.4,0
819.42,21.4,-0.101006
822.551,21.4,0
823.33,21.9,-0
825.079,21.7,-0.0863234
827.765,21.7,0
831.149,21.7,0
832.683,21.4,-0.073939
837.98,21.7,-0.0292599
842.959,21.7,0.355636
849.474,21.7,0.18354
852.896,21.7,0.06548
857.187,21.7,0
858.864,21.7,-0.00881811
864.875,21.4,0.0205822
866.727,21.4,0.0123589
871.023,21.1,-0.00195699
874.795,21.1,-0
875.789,20,0.0116856
877.729,19.4,0
878.783,19.4,-0
881.855,19.4,0
882.822,19.4,0.00488986
884.886,19.4,0
886.587,19.4,-0
887.923,19.4,-0
889.39,19.4,0.119429
890.967,19.4,0
895.13,19.4,0.0833058
897.009,19.4,0.0673139
904.14,19.4,0
905.527,18.9,-0
906.654,20.6,0.551656
921.113,20.6,0.0295534
939.884,20.6,0
943.492,20.6,0.0112247
946.899,20.6,-0
950.335,20.6,1.26791
953.853,20.6,0
955.966,20.6,-0
957.182,20.6,-0.0163029
961.084,20.6,0
963.107,20.6,0.00773179
966.728,20.6,0.0939475
971.398,20.6,0
976.081,20.6,-1.52321
989.545,20.6,0
992.802,20.6,-0
993.375,20.6,-0.0235891
997.472,20.6,0.0441702
1002.1,20.6,0.144441
1005.39,20.6,-0
1006.29,20.6,0.0611482
1009.78,20.6,0
1014.41,20.6,0.0895039
1019.03,20.6,1.51204
1021.27,20.6,-0
1021.91,20.6,-0.0603496
1030.82,20.6,0.00940597
1037.68,20.6,-0
1038.53,20.6,-0.0129652
1052.12,20.6,-0.00840317
1057.32,20.6,-0
1058.95,20.6,-0.0190453
1064.84,20.6,-0.0239954
1069.48,20.6,-0
1074.61,20.6,0.339821
1079.2,20.6,-0.125464
1083.41,20.6,-0
1086.37,20.6,0.054847
1090,20.6,0
1093.57,20.6,0.266251
1097.39,20.6,-0.119429
1100.9,20.6,-0.483126
1104.01,20.6,-0
1106.5,20.6,0.170212
1108.76,20.6,-0.0867378
1111.32,20.6,0
1114.45,20.6,-0.0688564
1117.74,20.6,0
1118.99,20.6,-0.130827
1121.41,20,-0.0801848
1126.5,20,0
1129.24,20,-0.0927564
1132.36,20.3,0
1135.36,20.3,-0
1136.96,20.3,-0.038713
1144.81,20.3,-0.0150068
1152.76,20.3,0
1154.28,20,0.0159804
1159.82,20.8,0.0292314
1164.63,20.8,-0.231091
1167.27,20.8,-0
1169.48,20.8,0.407631
1175.89,20.8,0
1177.92,21.1,-0
1180.27,21.7,0.179854
1183.13,21.7,0
1184.95,21.7,-0
1187.09,21.7,0
1189.26,21.7,0.321752
1190.94,21.7,-0
1192.31,21.7,-0
1193.5,21.9,-0
1196.06,21.9,-0.0298915
1198.41,21.9,-0
1200.58,21.9,-0.746456
1202.83,21.9,0
1205.01,21.9,-0.885068
1208.31,22.2,0
1211.46,21.9,1.19029
1213.96,21.9,-0
1216.89,21.9,0
1218.13,21.9,-0
1218.87,21.7,-0.391048
1221.05,21.7,0
1222.92,21.4,-0
1225.22,21.1,0.0704712
1227.41,21.1,-0
1227.95,21.1,0.108455
1231.62,20.8,-0.00458717
1234.46,20.6,0.0593895
1237.81,20.6,0
1240.01,20.6,-0
1242.09,20.6,-0.721655
1244.12,20.6,-0
1246.75,20.6,0
1248.46,20.6,-0.152252
1250.21,20.6,0.896054
1253.19,20.6,0
1256.19,20.6,1.5051
1258.92,20.6,-0
1259.44,20.8,-0
1261.56,21.1,-0.203129
1265.1,21.1,0
1267.12,21.9,-0
1269.7,21.9,0
1272.09,21.9,-0
1274.13,21.9,-0.615186
1277.23,21.9,0
1279.48,21.9,0.271222
1281.78,21.9,0.694738
1283.68,21.9,-0.212645
1287.87,22.2,0
1289.75,22.2,-0.0116953
1294.55,22.2,0
1296.48,22.2,-0.0476586
1300.66,22.2,0
1304.4,21.9,-0.220647
1310.09,21.9,-0.0751524
1314.11,21.1,-0.0619553
1319.65,21.1,-0.0367931
1329.1,21.1,0
1333.73,20.8,-0.0232742
1339.92,20.8,-0.0030866
1345.6,20.8,-0.222661
1349.22,20.8,-0.286305
1354.5,20.8,0
1356.91,21.1,-0.121638
1359.29,21.1,-0
1360.76,21.4,-0
1363.46,21.9,0.135849
1365.99,21.9,1.19781
1371.48,21.9,0
1375.41,21.9,-0.306721
1377.7,21.9,0.072097
1385.95,22.2,-0.0840753
1390.32,22.8,0.0705415
1394.72,22.8,1.26791
1398.59,22.8,-0
1401,22.8,-0.159246
1403.07,22.8,0.473597
1405.84,22.8,0.716654
1408.75,22.8,0
1411.46,21.7,-0.804751
1413.99,21.7,-0
1416.71,21.7,-0.61562
1419.31,21.7,-0
1421.6,21.7,-0
1424.58,21.7,-0.361729
1427.35,21.7,-0.827926
1430.73,21.7,0
1433.77,21.7,0.706426
1437.11,21.7,0
1439.81,21.7,-0
1442.2,21.7,-0.131588
1445.04,21.7,0.27563
1448.04,21.7,0.82647
1450.83,21.7,-0
1454.1,21.7,-0.307258
1457.63,19.4,-0
1458.68,19.4,-0
1460.69,19.4,0.178917
1461.7,19.4,-0.0517672
1463.79,19.4,-0.00961494
1470.99,19.4,0.00804006
1476.16,19.4,0.0454234
1479.17,19.4,-0
1481.24,19.4,-0
1483.29,19.4,-1.40565
1486.03,19.4,0
1487.7,19.4,-0
1488.43,19.7,-0
1489.38,19.7,0
1490.25,19.7,-1.40565
1493.61,20.3,0
1496.67,20.3,0.0491412
1500.12,20.3,0.185348
1503.81,20.3,-0.815092
1504.9,20,-0
1508.23,20.3,0.0457197
1511.37,20.3,-0
1514.25,20.3,0.327401
1517.18,20.3,0
1520.56,20.3,0.191185
1524.01,20.3,0
1527.46,20.3,-0
1528.98,20.3,0.0255047
1531.83,19.7,0
1534.89,19.7,0.881257
1537.11,19.7,-0
1540.34,19.7,0.154537
1544.61,19.7,-0.0487419
1549.38,19.7,0
1550.81,20.6,-0
1551.28,20.3,-0.5434
1569.12,16.9,-0.0184658
1570.87,16.9,-0
1575.2,16.9,0.0204983
1584.21,16.9,0.0403312
1588.19,7.2,-0
1590.49,19.7,0
1591.18,19.7,-0.244237
1595.41,19.7,0
1596.08,19.7,-0
1596.74,19.7,-0
1598.88,19.7,0.109153
1602.19,19.7,0
1604.32,19.7,-0
1606.9,19.7,-0.0224678
1608.52,19.7,-0
1610.98,19.7,0.0421435
1614.96,19.7,0
1619.07,19.7,1.31679
1622.34,19.7,-0
1625.46,19.7,1.11332
1635.17,19.7,-0.00306978
1643.88,19.7,-0.00497539
1649.32,19.7,0.0792729
1654.85,19.7,-1.06919
1658.87,19.7,-0
1660.59,23.9,-0.163872
1664.38,23.9,0
1667.72,23.9,-0.385377
1670.84,23.9,0.942815
1675.23,23.9,-0.298732
1684.67,23.9,0
1687.64,23.9,0.0135738
1689.17,23.9,-0.119313
1689.68,23.9,-0
1690.7,23.9,0
1694.15,23.9,-0.0861421
1695.79,23.9,-0
1697.44,23.9,0
1698.92,23.9,-0.221317
1700.37,23.9,-0
1702.67,23.9,-0.136403
1704.68,23.9,0.0843065
1706.63,23.9,-0
1708.87,23.9,0.363392
1711.5,23.9,0
1713.16,23.9,-0
1714.43,23.6,-0.0210508
1715.95,23.6,0
1716.59,23.6,-0
1719.35,23.6,-0.011928
1721.44,23.6,-0
1723.15,23.6,-0.0325975
1726.41,23.6,0.05955
1729.21,23.6,-0.407104
1733,23.6,0
1734.29,23.9,-0
1736.8,23.9,0.030603
1738.93,23.9,-0
1741.39,23.9,-0.0767727
1744.79,23.9,-0.297561
1748.47,23.9,0.509591
1751.78,23.9,0.0658378
1755.84,23.9,0.120295
1758.85,23.9,0.164508
1765.39,23.9,0.126104
1773.1,23.6,0
1775.96,23.6,0.0628541
1778.49,23.6,-0.329326
1780.57,23.6,-0
1782.43,23.6,0.275806
1785.42,23.3,0.227645
1788.78,23.3,0
1790.29,23.3,-0
1792.89,23.3,-0.0235247
1797.13,23.3,0.0679578
1800.3,23.3,-0
1803.44,23.3,-1.4486
1806.36,23.6,0.949136
1809.14,23.6,0.269168
1812.47,23.6,0.693987
1821.52,23.6,0
1825.08,23.6,-0.155654
1827.52,23.6,-0
1829.91,23.6,1.38625
1832.75,23.6,0
1835.58,23.6,1.52166
1838.97,23.6,0.824524
1842.21,23.6,1.34138
1845.32,23.6,-0
1848.29,23.6,-0.923749
1853.64,23.6,0.0496927
1862.35,23.6,0.0667356
1867.82,23.3,-0
1870.29,23.3,-0.0853839
1874.15,23.3,-0.0704355
1876.71,23.3,-0.143738
1878.42,23.6,-0
1881.15,23.6,0
1883.96,23.6,1.07145
1886.75,23.6,-0
1890.07,23.6,0.793463
1893.58,23.6,1.05431
1898.69,23.6,0.0660414
1906.52,23.6,-0.116475
1909.38,23.6,-0
1912.19,23.3,0.0499614
1914.29,23.6,-0.0620321
1916.29,23.6,-1.42533
1919.2,23.6,0
1922.28,23.6,1.32582
1924.31,23.6,0.839192
1926.44,23.6,0
1928.53,23.6,-1.53598
1930.68,23.6,0
1932.96,23.6,0
1933.91,23.6,0.458506
1936.34,21.9,0.0355839
1939.18,21.9,0.463648
1942.02,21.9,-0
1944.74,21.9,-0
1946.86,21.9,-0.959711
1949.04,21.9,0
1951.05,21.9,-0
1953.35,21.9,-0.947366
1955.03,21.9,-0
1957.62,21.9,0
1959.86,21.9,-0.367174
1962.24,21.9,0
1963.95,21.9,-0
1965.55,21.9,-1.35544
1967.68,21.9,0
1969.48,21.9,-0
1970.99,21.9,-1.21531
1974.17,21.9,-0.216654
1978.48,21.9,0
1980.11,21.9,-0
1981.44,21.9,-0
1983.17,21.9,-0.422387
1984.53,21.9,-0
1985.9,21.9,0
1987.43,21.9,1.37219
1988.89,21.9,1.51966
1990.3,21.9,-0
1991.69,21.9,-0
1993.06,21.4,-0
1994.01,21.4,-0
1995.21,21.4,-0.929432
1996.46,21.4,0
1997.63,21.4,-1.4146
1999.07,20.6,0
2000.35,20.6,-0
2001.56,20.6,-0
2002.59,20.6,-0
2003.42,20.6,-0
2004.31,20.6,0
2005.18,20.6,-1.54019
2006.02,20.6,1.55351
2006.83,20.6,-0
2007.94,20.6,0
2008.89,20.6,-0
2009.85,20.6,0
2010.88,20.6,0
2011.89,20.6,-1.26492
2012.93,20.6,0
2013.81,20.6,-0
2014.69,20.6,0
2015.67,20.6,0
2016.68,20.6,0
2017.77,20.6,1.39904
2018.86,20.6,0
2021.31,20.6,0
2022.66,20.6,-0
2023.84,20.6,-1.29663
2025.09,20.6,0
2026.31,20.6,-0
2026.97,20.6,-0
2027.62,20.6,-0
2028.24,20.6,-0
2028.86,20.6,0
2029.74,20.6,0
2030.68,20.6,0.945312
2032.44,20.6,0
2033.63,20.6,-0
2034.85,20.6,-1.54736
2036.01,20.6,-1.53272
2037.15,20.6,-0
2038.55,20.6,0
2040.21,20.6,0
2041.37,20.6,-0
2042.51,20.6,1.5558
2044.26,20.6,0
2045.37,20.6,-0
2047.48,20.6,0
2048.55,20.6,0.243873
2050.2,20.6,1.37499
2052.63,20.6,0
2054.88,20.6,1.33171
2057.56,19.2,0
2058.75,20,-0
2059.59,20,-0
2060.4,20,-0
2061.41,20,0.484478
2062.4,20,-0
2063.22,20,-0
2064.01,20,-0
2064.76,20,-0
2065.48,20,-0
2066.45,20,0
2067.42,20,1.54736
2068.45,20,0
2069.43,20,-0
2070.53,20,0
2071.49,20,-0
2073.45,20,0.523422
2075.73,20,0
2077.39,20.6,0.842806
2079.12,20.6,0
2080.89,20.6,0
2082.43,20.6,0.0637472
2085.1,20.6,0
2087.25,20.6,-0
2089.11,20.6,-0
2090.74,20.6,1.1874
2092.03,20.6,-0
2093.49,20.6,0
2094.95,20.3,-0
2096.2,20.3,-0.0996671
2097.41,20.3,-0
2101.89,20.3,0.0752723
2103.79,20.3,-0
2105.92,21.4,0
2107.68,21.4,-0
2109.42,21.4,-1.48148
2110.91,21.4,-0
2112.27,21.4,-0
2113.79,21.4,0
2115.24,21.4,1.16265
2116.7,21.4,0
2118.33,21.4,-0.887603
2120.16,21.4,0
2124.71,21.4,0
2125.94,21.4,-0
2127.26,21.4,1.54311
2128.71,21.4,0
2130.73,21.4,0
2132.31,21.4,1.40732
2134.18,21.4,0
2135.71,21.4,-1.01142
2137.77,21.4,0
2142.48,21.4,0
2144.42,21.4,-0.154945
2146.02,21.4,-0
2147.35,21.4,-0.972012
2149.1,21.4,0
2152.37,21.4,0
2154.63,21.4,-0.343907
2156.31,21.4,-0
2157.99,21.4,-0
2159.85,21.4,0
2161.52,21.4,-1.36761
2163.43,21.4,1.51059
2168.08,21.4,-0.40303
2177.87,21.9,0.327444
2185.15,21.9,-0.980841
2192.44,21.9,1.56633
2199.01,21.9,1.12868
2204.77,21.9,-1.07167
2209.72,21.9,1.32938
2214.09,21.9,1.3752
2218.66,21.9,0
2223.61,21.9,-1.31499
2227.51,21.9,1.22177
2232.23,21.9,0
2237.59,21.9,-1.23806
2240.96,21.9,-0
2244.73,21.9,0.940539
2247.95,23.1,1.36971
2251.27,23.1,1.26557
2254.69,23.1,0
2257.72,23.1,1.1568
2259.62,23.1,-0
2261.51,23.1,0
2263.34,23.1,-0
2265.4,23.9,1.16089
2267.24,23.9,-0
2269.58,23.9,-0.911086
2272.23,23.9,1.44854
2275.06,23.9,-1.4007
2277.52,23.9,-0
2279.74,23.9,1.30036
2282.02,24.2,0
2287.5,23.9,0.0330567
2289.15,23.9,-0
2290.91,23.9,0
2292.7,23.6,1.56445
2294.59,23.6,0
2296.63,23.6,0
2298.61,23.6,1.54015
2300.82,23.6,-1.13666
2303.16,23.6,0
2305.42,24.2,1.48459
2307.49,24.2,-1.45646
2309.52,24.2,-0
2311.26,24.2,-0
2312.92,24.2,-0
2314.62,24.2,-1.52915
2317.25,24.2,0
2318.33,24.2,-0.641779
2321.82,24.2,0
2323.76,23.9,-0
2325.59,23.9,1.51425
2327.5,23.9,1.3932
2329.07,23.9,-0
2330.53,23.9,-0
2331.98,23.9,-0
2333.78,23.9,-0.256153
2335.49,23.9,1.3874
2342.58,24.2,0.0238417
2343.76,24.2,-0
2344.92,24.2,-0
2345.87,24.2,-0
2346.82,24.2,0
2347.64,24.2,-0
2348.52,24.2,0
2349.17,24.2,-1.06551
2349.96,24.2,0
2350.82,24.2,0
2351.75,24.2,0
2352.5,24.2,-0
2353.4,24.2,-1.48971
2355,24.2,0
2356.1,24.2,-0
2357.21,24.2,-1.45592
2358.47,24.7,0
2360.67,24.7,0
2361.31,24.7,-0
2363.49,24.2,-0.0687619
2365.13,24.2,-1.17719
2367.36,24.2,-0.483036
2369.94,24.2,0
2371.73,24.2,-0
2373.5,24.2,-0
2374.14,24.2,-0.0546899
2376.14,22.8,0
2378.38,22.8,0
2380.71,22.8,1.44139
2382.32,22.8,-0
2383.99,22.8,-1.52359
2387.95,22.8,0
2390.67,22.8,-0.898794
2393.5,21.7,-0
2396.53,21.7,0
2398.63,21.7,0.558599
2400.79,21.7,1.52182
2407.03,21.4,-0.198507
2412.31,21.9,0.623431
2416.77,21.9,-0
2421.6,21.9,1.25503
2424.84,22.5,-0
2427.08,23.1,-0
2428.5,23.1,-0
2429.57,23.1,-0.958259
2430.66,23.1,0
2431.73,23.1,-0
2432.61,23.1,-0
2433.49,23.1,-0
2434.93,23.1,-0.601963
2436.06,23.1,-0
2436.94,23.1,-0
2437.85,23.1,0
2439.17,23.1,0.110655
2440.11,23.9,0.863019
2441.08,23.9,0
2442.5,23.9,0
2442.95,23.9,-0
2444.09,23.9,0
2446.32,23.9,0.0381494
2447.53,23.9,0.491016
2449.2,23.9,0
2450.06,23.9,-0
2451.65,23.9,0
2453.28,24.2,-1.40383
2455.68,24.4,0
2462.56,24.4,-0.040998
2466.38,24.4,0.169889
2467.98,24.4,-0
2469.23,24.2,-0
2470.73,24.2,0
2472.5,24.2,-1.12749
2474.01,24.2,-0
2475.72,24.2,0
2477.1,24.2,-0
2478.43,24.2,-1.50467
2479.93,24.2,0
2482.09,24.2,0
2483.26,24.2,-0
2484.35,24.2,-1.43299
2485.93,23.9,0
2487.54,23.9,0
2489.45,23.9,-1.02652
2491.37,23.9,0
2492.22,23.6,-0
2493.08,23.6,0
2494.18,23.6,0
2495.8,23.6,-0.163871
2496.88,23.6,-0
2497.85,23.6,-0
2498.95,23.6,1.467
2500.51,23.6,-0.865395
2502.2,23.6,0
2504.29,23.6,0
2505.38,23.6,0.316636
2508.24,23.6,0
2509.81,23.6,-0
2510.89,23.6,0.305878
2512.86,23.9,0
2514.57,23.9,-0
2516.43,23.9,0.452779
2517.64,23.9,-0
2519.27,23.9,0
2521.02,23.9,0.53581
2522.84,23.9,0
2526.92,23.9,0
2528.14,23.9,-0.0366942
2529.28,23.9,-0
2530.56,23.9,0
2531.82,23.9,-0
2533.13,23.9,-1.45877
2534.44,23.9,0
2535.83,23.9,-1.44895
2537.13,23.9,-0
2540.44,23.9,0.846665
2541.39,23.9,-0
2543.57,21.7,-0.612905
2545.9,21.7,0
2547.55,21.7,-0
2549.31,21.7,-1.42976
2551.52,21.7,0
2552.74,21.7,-0
2553.82,21.7,-0
2554.92,21.7,0
2555.99,21.7,1.51889
2557.07,21.7,0
2558.12,21.7,-0
2559.07,21.7,-1.47939
2560.08,21.7,0
2561.04,21.7,-0
2561.95,21.7,-0
2563.64,21.7,0.581144
2566.7,21.7,0
2568.15,21.7,-0
2569.7,21.7,0
2570.94,21.7,-0
2571.68,21.7,-0
2572.48,22.8,0
2573.39,22.8,-1.23224
2574.35,22.8,0
2575.18,22.8,-1.4737
2575.95,22.8,-0
2576.85,22.8,0
2577.91,22.8,0
2578.95,22.8,1.47584
2579.97,22.8,-0
2581.24,22.8,0
2582.45,22.8,-0
2583.89,22.8,-1.25483
2585.57,22.8,-1.14047
2587.96,22.8,0
2592.89,24.2,0
2594.94,24.2,-0.0545436
2596.4,24.2,-0
2597.34,24.2,-0
2597.5,23.9,-0
2598.97,23.9,0
2600.09,23.9,0.748829
2601.15,23.9,-1.52652
2603.43,23.9,-0.465021
2606.25,23.9,0
2607.79,23.9,-0
2608.77,23.9,-0
2610.68,23.9,-0.0960342
2612.15,23.9,-0
2613.19,23.9,-0
2614.41,23.9,0
2615.73,23.9,-0.358768
2617.54,23.9,0
2620.07,23.9,0
2621.32,23.9,0.521276
2622.89,23.9,0
2624.24,23.9,-0
2626.66,23.9,-0.594286
2627.83,23.9,-0
2629.28,23.9,1.37776
2631.28,23.9,0
2634.31,23.9,0.0721638
2637.65,23.9,-0.136139
2640.26,23.9,-0
2645.9,23.9,-0.0262008
2648.45,23.9,-0.0325088
2651.5,23.9,-1.05007
2655.28,23.9,0
2657.63,23.9,-0
2658.92,23.9,-0.439652
2660.16,23.9,-0
2661.02,23.9,-0
2661.88,23.9,0
2664.39,23.9,0
2666.16,23.9,-0
2667.71,23.9,-0
2668.63,23.9,-0.0394536
2670.25,23.9,0
2671.85,23.9,-0
2672.69,23.9,-0
2673.58,23.9,0
2674.42,23.9,-0.917949
2675.3,23.9,-1.43647
2677.24,23.9,0
2681.81,23.9,0
2683.58,24.4,0.206892
2685.44,24.4,0
2687.24,24.4,-0
2688.95,24.4,1.49429
2690.71,24.4,1.53198
2692.81,24.4,0
2694.68,24.4,-0
2696.49,24.4,1.47903
2698.14,24.4,-1.41935
2700.76,24.4,-0.451662
2703.81,24.4,-0.165149
2707,24.4,0.977794
2712.48,24.4,-0.23238
2718.11,24.4,0
2721.15,24.4,-0.0566321
2722.95,24.4,0.362043
2723.9,24.4,0.506692
2728.62,24.2,0
2731.35,24.2,-0.00626303
2733.09,24.2,-0
2734.58,24.2,-1.35364
2738.49,24.2,0
2741.43,24.2,-0
2743.96,24.2,-0.857735
2745.88,24.2,-0
2748.21,23.1,0
2750.74,23.1,1.45544
2752.92,23.1,-0
2754.46,23.1,1.04569
2756.08,23.1,0
2757.73,23.1,1.50547
2759.42,23.1,0
2761.11,23.1,0
2763.09,23.1,0
2764.59,23.1,-1.1495
2766.24,23.1,-1.4301
2767.8,23.1,-0
2769.47,23.1,1.3773
2771,23.1,-0
2772.68,23.1,0
2774.36,23.1,-1.4289
2776.03,23.1,-0
2777.59,23.1,-0
2779.28,23.1,0
2780.65,23.1,-0.908234
2782.2,23.1,0
2783.77,23.1,0
2785.26,23.1,-0
2786.57,23.1,-0.844154
2787.85,23.1,-0
2789.77,23.1,0
2791.67,23.1,-1.55181
2793.44,23.1,0.658805
2795.29,23.1,0
2803.14,23.1,0.0821844
2804.93,23.1,-0
2806.73,23.1,0
2808.41,23.1,-0.141895
2810.22,23.1,0
2812.08,23.1,0
2813.89,23.1,-1.03709
2815.77,23.1,0
2817.65,23.1,0
2819.51,23.1,-1.51026
2821.13,23.1,-0
2822.98,23.1,0
2824.76,23.1,-1.46014
2826.66,23.1,0
2841.04,23.1,0.0344212
2842.62,23.1,0.0125374
2844.29,23.1,0
2845.77,23.1,-0
2847.33,23.1,1.39904
2848.85,23.1,1.51372
2850.5,23.1,0
2852.04,23.1,-1.46014
2853.73,23.1,0
2856.73,23.1,-0.0828663
2858.53,23.1,-0
2860.38,23.1,0
2862.3,23.1,1.33219
2864.23,23.1,0
2866.07,23.1,-0
2867.84,23.1,-1.45017
2869.71,23.1,0
2871.2,23.1,-0
2872.86,22.8,-1.40485
2874.93,22.8,0
2877.56,22.8,0
2880.01,22.8,-1.08084
2882.03,22.8,-0
2883.74,22.8,-0
2885.7,22.8,0.712799
2887.59,22.8,-0
2889.6,22.8,-0.579078
2891.53,22.8,-0
2893.5,22.8,0
2895.48,22.8,1.40565
2897.96,22.8,0.606
2900.45,22.8,0
2906.04,22.8,0.0212132
2908.04,22.8,-0
2910.18,22.8,0.124353
2912.64,23.6,0
2915.14,23.6,0
2917.37,23.6,0.737815
2919.74,23.6,0
2927.78,23.6,0.0559118
2929.71,23.6,-0
2931.49,23.6,-0
2933.42,23.6,0.588005
2935.25,23.6,-0
2936.85,23.6,-0
2938.54,23.6,1.38016
2940.19,23.6,1.31643
2941.81,23.6,-0
2943.46,23.6,1.48625
2945.21,23.6,0
2946.93,23.6,-0
2948.85,23.6,0
2950.9,23.6,-0.700857
2952.67,23.6,-0
2954.65,23.6,0
2956.6,23.6,-1.55093
2958.52,23.6,1.48851
2960.7,23.6,0
2962.8,23.6,-0
2965.05,23.6,1.32082
2966.97,23.6,1.06795
2968.79,23.6,-0
2971,23.6,0.109451
2973.23,23.6,0
2975.41,23.6,-1.42323
2977.92,23.6,-0.916079
2980.09,23.6,0.710707
2983.93,24.4,-0.0709707
2988.24,25.3,-0.406489
2993.9,25.3,0
2998.78,25.3,-0.758949
3000.98,25.3,-0
3003.28,25.3,0
3005.59,25.6,-1.51169
3008.02,25.6,1.46139
3010.28,25.6,-0
3012.05,25.6,1.15689
3013.76,25.6,-0
3016.07,25.6,1.06432
3017.96,25.6,-0.327401
3020.42,25.6,0
3022.49,24.7,0.90185
3024.79,24.7,0
3026.93,24.7,1.3106
3028.74,24.2,0.0985832
3033.16,23.9,0
3038.98,24.2,0.729983
3041.06,24.2,-0
3043.05,24.2,-0
3045.04,24.2,1.55917
3047.18,24.2,-1.35425
3049.6,24.7,1.14617
3052.19,24.7,-1.48014
3055.79,24.7,0.911049
3061.59,25.3,-0.583204
3065.59,25.3,-0.653899
3067.77,25.3,-0
3069.9,25.3,-0
3071.89,25.3,1.50449
3073.93,25.3,0
3075.8,25.3,-0
3076.48,25.3,-0.432618
3077.95,25.3,0
3080.33,25.3,0
3082.54,25.3,-0.896055
3084.42,25.6,-0
3085.73,25.8,-0
3087.01,25.8,-0
3088.39,25.8,1.50791
3088.81,25.8,0.736397
3091.3,26.4,0
3096.65,26.4,-0.187429
3098.89,26.4,-0.0852629
3100.8,26.1,1.17601
3102.75,26.1,0
3104.67,26.1,-0
3106.51,26.1,1.45949
3108.3,26.1,1.43121
3111.09,26.1,-0.366166
3115.05,26.1,0
3119.07,26.1,-1.37783
3121.02,26.1,-0.304992
3122.98,26.1,0
3124.97,26.1,-1.43216
3127.18,25.8,0
3129.33,25.8,-0
3131.36,25.8,1.14306
3133.23,25.8,-0
3135.25,25.8,-1.11746
3137.2,25.8,-1.52712
3139.12,25.8,-0
3140.96,25.8,1.40441
3142.8,25.8,0
3144.73,25.8,-1.41419
3146.6,25.8,-0
3148.47,25.8,-0
3150.09,25.8,-1.29962
3151.64,25.8,1.4442
3153.02,25.8,-0
3155.32,24.4,0
3157.53,24.4,-1.41759
3160.03,23.9,0
3162.55,23.9,-1.51425
3165.26,23.9,1.21818
3168.25,23.9,1.2315
3172.1,24.2,-0.320328
3178.44,24.2,0.265415
3182.48,24.2,0.292781
3188.6,24.2,-0.251099
3193.53,24.2,-0
3195.9,24.2,-0.13805
3198.09,24.2,-0
3200.17,24.2,1.31561
3201.93,24.2,-0
3203.47,24.2,-0
3204.96,24.2,-1.50965
3206.59,24.2,-1.25845
3208.15,24.2,-0
3209.44,24.2,-0
3210.64,24.2,-0
3211.82,24.2,-0
3213.07,24.2,-1.49075
3214.17,24.4,-0
3215.38,24.4,0
3216.61,24.4,0
3217.92,24.4,1.08517
3219.31,24.4,0
3220.74,24.4,0
3221.94,24.4,-0
3222.99,25,-0.449758
3224.73,25,0
3226.68,25,0.822419
3228.6,25,-0
3230.47,25,-0
3232.51,25,0.749269
3234.5,25,-0
3236.51,25,-1.39861
3239.11,25,0
3241.48,25.3,-0.197396
3244.02,25.3,1.11628
3250.43,25.3,0
3252.87,25,-0.0929853
3255.42,25,0
3257.27,25,0.945911
3258.83,25,0.428776
3260.64,25,0
3262.37,25,-0
3264.26,25,1.03977
3266.36,25,0
3268.68,25,-0.979878
3271.02,25,-1.4158
3274.73,25,0
3277.07,25.3,-0
3278.16,25.3,-0
3279.2,25.3,-1.10715
3280.28,25.3,0
3281.6,25.3,0
3283.1,25.3,0
3284.47,25.3,0.923749
3285.65,25.3,-0
3286.83,25.3,-0
3288.04,25.3,0
3288.93,25.3,1.33434
3290.87,24.2,0
3292.59,24.2,-0
3294.65,24.2,0.814629
3297,24.2,0
3299.45,24.2,1.33798
3301.47,24.2,-0
3303.62,24.2,-1.13655
3305.71,24.2,-1.35055
3306.95,23.9,-0
3308.57,23.9,0
3310.23,23.9,1.47922
3311.99,23.9,0
3313.73,23.9,-0
3315.48,23.9,0
3317.15,23.9,-1.45592
3318.7,23.9,-0
3320.19,23.9,-0
3321.74,23.9,0.96007
3323.26,23.9,-0
3324.92,23.9,0
3326.61,23.9,-1.44329
3328.52,23.9,0
3330.84,23.9,0.346286
3333.27,23.9,0
3336,23.9,0.91131
3338.58,23.9,0.982793
3343.43,21.1,0
3346.62,21.1,0.308764
3350.06,21.1,1.41166
3360.31,21.1,-0.128632
3367.09,21.1,0.150089
3371.3,21.1,-0
3376.92,21.1,0
3379.12,22.2,-0.789684
3381.45,22.2,0
3383.78,22.2,-1.56571
3386.15,22.2,0
3388.27,22.2,-0.652169
3391.3,21.9,0
3393.85,22.2,-0
3396.19,22.2,-0.922155
3398.57,22.2,-1.54775
3401.36,22.2,1.33144
3404.4,21.9,1.43051
3407.24,21.9,-0
3411.17,21.4,0.537071
3414.84,21.4,-0
3418.48,21.4,-1.44471
3421.91,21.4,-0
3424.75,21.4,1.4551
3427.39,21.4,-0
3429.67,21.4,-0
3432.17,20.3,-0.179851
3434.71,20.3,0
3437.02,21.4,-0.785401
3439.22,21.4,-1.49776
3441.61,21.4,0
3444.08,21.4,1.41283
3446.48,21.4,-0
3449.17,21.4,0.63832
3451.63,21.4,-1.32102
3454.28,21.4,0
3456.93,21.4,0
3458.97,21.9,-0.699636
3461.09,21.9,-1.51074
3464.79,21.9,-0.316524
3470.88,22.2,0
3473.93,22.2,-0
3476.77,22.2,1.07963
3478.92,22.2,-0
3480.51,22.2,-0.992732
3481.86,22.2,-0
3483.05,22.2,-0
3484.24,22.2,1.56232
3485.5,22.2,0
3486.77,22.2,0
3488.12,22.2,1.39779
3489.42,22.2,-0
3490.76,22.2,0
3492.64,19.2,0
3494.27,19.2,1.3815
3495.84,19.2,-1.41124
3497.5,19.2,0
3499.93,19.2,0.0670136
3502.37,19.2,0
3505.41,15.3,-0
3508.36,15.3,-1.46592
3511.58,15.3,0.0767766
3519.19,15.3,0
3521.7,20.6,0.265207
3523.52,20.6,-0
3525.2,20.6,-1.20787
3526.84,20.6,-0
3528.37,20.6,-0
3530.02,20.6,0
3531.57,20.6,-1.43527
3533.16,20.6,0
3534.65,18.6,1.25285
3536.43,18.6,0
3538.34,18.6,1.35407
3540.46,18.6,0
3542.91,18.6,0
3544.73,18.6,-0
3546.15,18.6,0.836634
3547.67,18.6,0
3549.99,18.6,0.400021
3552.34,16.9,-0
3554.52,16.9,1.06207
3556.54,16.9,-0
3558.88,16.9,0
3562.29,17.5,0.467601
3564.24,17.5,-0
3566.44,17.5,0
3568.49,17.5,-0.631078
3570.24,17.5,-0
3573.06,16.9,0
3574.57,16.9,-0
3576.07,16.9,-0
3577.73,16.9,0.922986
3578.86,18.9,-0
3580.23,18.9,0
3581.62,18.9,1.53593
3583.18,18.9,0
3584.71,18.9,-1.55151
3586.32,18.9,0
3588.17,18.9,0
3589.9,18.3,-1.36516
3591.97,18.3,0
3594.28,18.3,1.46877
3596.91,18.3,0
3599.19,18.3,-1.3658
3601.62,18.3,-1.29537
3614.71,18.3,0
3617.26,18.3,-0
3619.56,18.3,1.49938
3621.73,18.3,-0
3623.87,18.3,-0
3625.82,18.3,1.43455
3627.54,18.3,1.10715
3629.05,23.1,0
3630.61,23.1,0
3632.25,23.1,1.49605
3634.35,23.1,0
3635.88,23.1,-0
3638.19,23.1,-0.584271
3640.14,23.1,-0.500159
3641.62,23.1,-0
3646.84,23.1,0
3648.36,23.1,0.0175626
3650.26,23.1,0
3652.41,23.1,-0.987566
3654.83,23.1,0.632748
3656.76,23.1,-0
3658.19,23.1,-0
3659.55,23.1,-0
3660.76,23.1,0.664773
3662.46,23.1,0
3663.8,23.1,-0
3664.83,23.1,-0
3665.97,24.4,0
3667.04,24.4,1.3633
3668.23,24.4,0
3669.35,24.4,-0
3670.47,24.4,0
3671.51,24.4,-0
3673.08,24.4,1.11018
3674.61,24.4,1.47804
3676.21,24.4,0.70226
3681.6,24.2,0
3684.66,24.2,-0
3686.22,24.2,-0
3687.47,24.2,-0
3688.5,24.2,1.16008
3689.67,24.2,0.741945
3690.75,24.2,-0
3691.84,24.2,0
3692.95,24.2,0
3694.19,24.2,0
3695.36,24.2,-1.47855
3696.37,24.2,-0
3697.42,24.2,0
3698.35,24.2,-0
3699.45,24.2,0
3700.49,24.2,1.49368
3701.53,24.2,-0
3702.54,24.2,-0
3703.57,23.6,-0
3704.67,23.6,0
3705.83,23.6,-1.38382
3707.24,23.6,0
3708.4,23.6,-0
3709.69,23.6,0
3711.35,23.6,0.49531
3712.32,23.6,-0.263656
3713.93,23.9,0
3716.43,23.9,0.0418358
3718.5,23.9,-0.168206
3721.53,24.4,-0.0080636
3725.12,24.4,0.369128
3728.78,24.4,0.439837
3733.06,24.4,-0.0066208
3735.68,24.4,-0
3737.68,24.4,-0.364525
3740.57,24.4,0.132251
3745.21,24.4,0.0418365
3766.1,24.4,0.0214019
3772.12,24.4,-0.0134681
3788.77,24.4,-0.0149931
3797.68,24.4,0.0174402
3801.32,24.4,-0.087509
3804.56,24.4,0.223032
3807.3,24.2,-0
3811.83,24.2,0.102847
3813.92,24.2,0.00169215
3816.79,24.2,0.100723
3820.02,24.2,0
3822.98,24.2,-0.476068
3824.68,24.2,-0
3826.65,24.4,-0.0562777
3828.13,24.4,-0
3830.52,24.4,0.00900794
3831.98,24.4,-0.14312
3834.8,24.4,0
3836.93,24.4,-0
3839.36,24.4,-1.11817
3840.91,24.4,-0.545284
3844.49,24.4,0.378406
3848.01,24.4,-1.49988
3852.97,24.4,-0.438191
3859.78,23.9,0.210766
3872.71,23.9,0.0335031
3877.41,23.9,-0
3883.29,23.9,0.204254
3887.68,23.9,-0.475896
3893.41,23.9,-0.528074
3896.61,23.9,-0
3900.19,23.3,0
3902.49,23.3,-0.800523
3905.34,23.3,0
3908.25,23.3,0
3910.55,23.3,1.26134
3912.21,23.3,-1.07918
3914.11,23.3,0
3916.36,23.3,0
3918.5,23.6,1.46069
3920.94,23.6,0
3923.44,23.6,1.14417
3926.35,23.6,0.0208284
3929.88,23.9,-0.0381964
3933,23.9,-0
3935.99,23.9,-1.02732
3938.56,23.9,-0
3941.58,23.9,0.327246
3944.47,23.9,0.0964699
3947.88,23.9,0.640872
3953.2,23.9,-0.0847643
3957.9,23.9,-0.0793043
3964.5,23.9,0.296657
3970.99,23.9,0.0644308
3974.79,23.3,-0.0559176
3982.22,23.3,0
3985.12,23.3,-0.0473131
3987.2,23.3,-0.257072
3989.45,23.3,0
3991.59,23.3,-0.748373
3993.68,23.3,-0
3996.02,23.3,-0.925221
3998.85,23.3,0.673672
4001.41,23.3,1.14582
4004.49,23.3,1.00474
4010.38,23.1,0.146736
4015.44,23.1,-0
4021.24,23.3,0.0531414
4026.51,23.6,-0
4029.35,24.4,-0.156882
4032.04,24.4,0.218666
4034.51,24.4,-0
4040.14,24.4,-0.0556418
4042.37,24.4,-0.0707945
4044.44,24.4,-0
4046.67,24.4,1.0484
4048.66,24.4,-0
4050.74,24.4,0
4052.87,24.4,-1.16189
4054.78,24.4,-0
4056.8,24.4,0
4058.88,24.4,-0.702273
4060.72,24.4,-1.09695
4062.66,24.4,0
4064.75,24.4,-0.678123
4066.7,24.4,-0
4068.64,24.4,-1.35971
4070.49,24.2,-0
4072.13,24.2,-0
4073.84,24.2,-1.10715
4075.63,23.9,1.46253
4077.39,23.9,-0
4079.37,23.9,0
4081.33,23.9,-1.44895
4083.15,23.9,-0
4085.03,23.9,-1.14011
4088.5,23.9,0.0894709
4092.68,23.9,0
4097.38,23.9,0.167761
4100.24,23.9,-0.380113
4107.31,23.9,-0.0348118
4115.66,23.9,0
4117.98,23.9,-0.0528757
4119.68,23.9,0.382819
4123.64,23.9,0.16875
4126.3,23.9,-0
4129.61,23.9,0.0872754
4132.5,23.9,-0
4135.21,23.9,-1.36426
4137.94,23.9,-1.52703
4140.61,23.9,-0
4144.77,23.9,0.373727
4147.4,23.9,-0
4149.94,23.9,-0
4152.08,23.9,0.501602
4155.62,23.9,0
4159.62,23.9,-1.06328
4162.04,23.9,-0.651474
4164.52,23.9,-1.19991
4168.67,23.9,0.54774
4170.32,23.9,-0
4176.45,23.9,0
4178.3,23.9,0.0897777
4180.17,23.9,1.51751
4182.51,23.9,-0.47064
4184.71,23.9,-0
4187.76,23.9,0
4189.73,23.9,-0.313619
4191.62,23.9,-1.25451
4194.14,23.9,0
4196.49,23.9,-0.891384
4198.65,23.9,-0
4200.59,23.9,1.29172
4202.14,23.9,-0
4203.65,22.8,-1.44984
4206.02,22.8,0
4208.19,22.8,-0.762148
4208.86,22.2,-0
4213.66,22.2,0
4217.92,22.2,-0.311546
4219.76,23.1,-0
4221.55,23.3,-0
4223.48,23.3,0
4225.39,23.3,-1.47113
4227.42,23.3,0
4229.34,23.3,-0
4231.36,23.3,0
4232.12,23.3,-0.126901
4233.9,23.3,0.1331
4235.79,23.3,0
4237.31,23.3,-0
4239.21,23.3,-0.0113673
4241.14,23.3,0
4242.79,23.3,-0
4244.39,23.3,-1.44403
4245.8,23.6,-0
4247.15,23.6,-0
4248.77,23.6,0
4250.63,23.6,-0.366055
4252.18,23.6,-0
4253.61,23.6,-0
4254.74,23.6,-0.690448
4256.54,23.9,0
4258.22,23.9,-0
4260.47,23.9,0.222528
4262.71,23.9,-0
4265.44,23.9,-0.0427091
4267.86,23.9,-0
4270.25,23.9,-1.22203
4272.45,23.9,-0
4274.02,23.9,-0
4275.68,23.9,0.932473
4277.35,23.9,0
4278.95,23.9,-0
4281.06,23.9,0.674743
4282.67,23.9,-0
4284.05,23.9,-0
4285.45,24.4,1.42734
4287.22,24.4,0
4289.14,24.4,-1.26695
4291.22,24.4,-0.186982
4293.15,24.4,-0
4295,24.4,-0
4297.08,24.4,1.28679
4299.25,24.4,0
4301.53,24.4,1.47732
4303.79,24.4,1.56288
4306.26,24.4,-0.333936
4308.26,24.4,-0
4310.67,24.4,0
4313.28,24.4,0.558599
4316.01,24.4,0
4318.95,24.4,1.00653
4322.32,24.2,-0.619243
4325.43,24.2,-0.768735
4328.58,24.2,-0.218682
4333.79,24.2,0
4337.76,24.2,-0.0933728
4340.53,23.9,-0
4343.39,23.9,1.29663
4345.95,23.9,0.378145
4349.55,22.5,0
4353.12,22.5,-1.47471
4356.67,22.5,-0
4359.41,22.5,-0.239857
4362.19,22.5,1.00749
4366.04,22.5,0.238075
4369.59,22.5,-0.290087
4373.94,22.5,0
4376.87,22.5,-0
4378.82,22.5,-0.086151
4381.07,22.5,0
4383.42,22.5,1.12469
4385.95,22.5,0
4388.42,22.5,-1.07686
4391.39,22.5,0
4394.02,22.5,-0.0263033
4397.01,22.5,0.112032
4399.44,22.5,-0
4402.22,22.5,0.575919
4405.57,22.5,0.200397
4413.92,22.5,0.0691005
4415.22,22.5,-0.170967
4418.38,21.9,0
4421.92,21.9,-1.16529
4424.42,21.9,-0
4425.97,21.9,-0.334552
4427.32,21.9,-0
4428.88,21.9,0
4430.65,21.9,0.446108
4432.79,21.9,0
4434.9,21.9,-1.42295
4438.03,20.6,0
4441.13,20.6,-1.21202
4445.88,20.6,0
4450.69,20.6,1.40315
4453.33,20.3,-0
4455.39,20.3,-0
4457.62,20.3,0.412417
4459.54,20.3,-0
4461.57,20.3,0.446097
4471,9.2,0
4474.61,9.2,-0
4477.04,9.2,-0
4479.45,9.2,-1.46406
4481.49,9.2,-0
4483.81,9.2,0
4486.39,9.2,0
4488.27,9.2,-0
4490.15,9.2,0
4491.98,9.2,-0
4493.14,9.2,0.0964796
4495.78,9.2,0
4498.55,9.2,0
4501.26,9.2,-1.47113
4504.17,9.2,0.901162
4510.35,9.2,0
4513.11,9.2,-0
4514.95,9.2,-0
4516.94,9.2,1.33869
4523.38,5.6,0
4536.74,5.6,0
4537.81,5.6,-0
4538.67,5.6,-0
4539.39,5.6,-0
4542.49,3.6,-0
4544.06,3.6,0
4545.79,3.6,0
4547.88,3.6,0
4549.78,3.6,-1.28274
4570.05,3.6,0.121388
4581.09,3.6,-0
4592.99,13.9,0.00799983
4599.21,8.9,-0
4605.78,8.9,0
4615.49,4.7,-0
4619.61,2.2,-0
4622.13,2.2,-0
4625.17,2.2,0
4628.12,2.2,-0
4633.33,2.2,-0.178098
4634.02,8.3,-0
4635.27,8.3,0
4635.84,9.7,-0
4637.3,9.7,0
4638.75,9.7,-0
4640.16,9.7,-0
4640.68,9.7,-0
4641.33,10.6,0
4641.86,10.6,-1.34732
4645.79,11.4,0.315569
4653.79,11.4,0
4696.26,6.9,0
4697.83,13.9,-0
4699.32,13.9,-1.49467
4701.07,13.9,1.20639
4723.42,13.9,0.105859
4746.92,13.9,0.401873
4792.6,13.9,0
4796.24,13.9,-0
4797.77,13.9,-0.456797
4799.91,13.9,1.06594
4823.49,13.9,0.0151097
4847.07,13.9,-0
4850.72,13.9,-0.0379427
4855.02,13.9,0.659487
4860.8,13.9,0.0630226
4869.94,13.9,0.167931
4884.48,13.9,-0.0306161
4887.98,13.9,-0.0618506
4891.01,13.9,-0
4897.3,13.9,0.142515
4901.27,12.5,-0.305879
4911.67,12.5,0.252555
4921.69,10.8,-0.578325
4958.72,10.8,0
4970.87,10.8,-0
4973.83,10.8,-0.126892
4976.91,10.8,1.48199
4979.55,10.8,-0.764563
5010.07,10.8,0.0162131
5017.71,10.6,-0
5024.45,10.6,-0
5029.2,10.6,-0.522728
5032.3,10.6,-0.13785
5034.74,10.6,-0
5036.78,10.6,-1.22063
5039.32,10.6,-0.131306
5051.66,10.6,0
5054.67,10.6,-0
5056.95,10.6,-0
5059.2,10.6,-1.54781
5061.73,10.6,0
5093.44,10.6,0
5096.09,10.6,-0.0299778
5098.64,10.6,-1.19647
5101.3,10.6,0
5104.07,10.6,0
5106.73,10.6,-0
5111.82,10.6,0
5114.59,10.6,-0.43395
5116.37,10.6,-0.78057
5119.75,10.6,0.594759
5139.3,10.6,0.0626741
5161.62,10.6,0
5164.69,10.6,-0
5166.99,10.6,-0
5169.3,10.6,0
5171.39,10.6,-1.24905
5174.22,10.6,0.990587
5183.83,10.6,0
5186.27,10.6,-0.0105823
5188.55,10.6,-0
5191.79,10.6,0
5194.41,10.6,-0
5196.83,10.6,-1.40787
5200.23,10.6,0
5203.7,10.6,1.46592
5211.9,10.6,0.0380583
5214.82,10.6,-0
5218.1,10.6,1.22128
5221.75,10.6,0
5236.77,10.6,0.125175
5244.56,10.6,-0
5255.24,10.6,0
5258.2,10.6,-0
5260.17,10.6,-0.634378
5261.94,10.6,-0
5263.68,10.6,-0
5265.36,10.6,-0
5267.57,10.6,1.1733
5272.58,10.6,-0.124775
5281.72,10.6,0.237443
5282.75,13.9,-0
5287.24,14.2,0
5291.08,14.2,-0
5292.75,14.2,-0.585
5293.12,14.2,-0
5315.81,14.2,0
5317.28,14.2,-0
5318.96,14.2,0
5319.72,14.2,-0
5320.46,14.2,-0
5321.27,14.2,1.42042
5322.6,14.2,0.749956
5323.86,14.2,-0
5325.13,14.2,0
5328.9,14.2,0
5336.06,14.2,0
5336.94,14.2,-0
5338.17,14.2,0
5339.41,14.2,1.5635
5340.87,14.2,-1.36592
5342.51,14.2,1.33489
5351.56,14.2,0
5352.73,14.2,-0
5353.66,14.2,-0
5354.53,14.2,-0
5355.7,14.2,1.06697
5356.97,14.2,0
5358.27,14.2,1.52915
5359.75,14.2,1.37028
5373.72,14.2,0
5376.03,14.2,-0
5377.67,14.2,0.365745
5379.67,14.2,1.09062
5382.31,14.2,0
5402.32,14.2,0
5403.75,14.2,-0
5405.18,14.2,1.56551
5406.4,14.2,1.33202
5412.44,14.2,0
5416.66,14.2,-0.353702
5418.33,14.2,-0
5419.54,14.2,-0.814382
5421.09,14.2,0
5430.08,14.2,0.13485
5431.4,14.2,-0
5432.53,14.2,0.691342
5433.92,14.2,0
5442.38,14.2,0
5443.86,14.2,-0
5445.43,14.2,0
5446.79,14.2,-1.38987
5448.47,14.2,0
5469.87,14.2,0
5471.45,14.2,-0
5472.67,14.2,-0
5474.13,14.2,1.42082
5475.42,14.2,1.19646
5476.9,14.2,0
5479.23,14.2,0.17184
5487.06,14.2,0
5493.81,14.2,-0
5494.94,14.2,-0
5495.85,14.2,-0
5496.53,14.2,-1.43415
5497.22,14.2,0
5498.07,14.2,0
5498.92,14.2,-0
5499.77,14.2,-1.55517
5500.95,14.2,0
5508.1,14.2,0
5509.53,14.2,-0
5510.55,14.2,-0
5511.92,14.2,0
5513.13,14.2,-1.4724
5514.78,14.2,0
5518.46,14.2,0
5520.28,14.2,-0
5522.13,14.2,-1.54073
5523.87,14.2,-0
5525.59,14.2,-1.55029
5533.22,14.2,-0.0856061
5535.69,14.2,-0
5544.67,14.2,0.297509
5550.4,14.2,0.4843
5555.35,14.2,-1.01321
5563.49,14.2,0
5565.95,14.2,0.198351
5568.41,14.2,1.56286
5575.82,14.2,0
5577.33,14.2,-0
5579.08,14.2,0
5580.82,14.2,-1.40564
5582.66,14.2,0
5591.3,14.2,0
5592.95,14.2,0.00303079
5594.36,14.2,-1.40722
5595.91,14.2,0
5600.19,14.2,0
5601.99,14.2,-0
5603.22,14.2,-0
5604.17,14.2,-0.177584
5605.26,14.2,0
5607,14.2,1.18574
5609.28,14.2,0
5623.82,14.2,0.0598365
5630.65,14.2,-0
5633.56,14.2,-0
5636.3,14.2,1.33918
5640.83,14.2,0
5645.45,14.2,0
5647.32,14.2,-0.383604
5649.87,14.2,0
5651.68,14.2,-0
5652.27,14.2,-0
5653.3,14.2,0
5653.78,14.2,-0
5657.01,13.3,0
5657.81,13.1,-0.256426
5660.42,13.1,0
5662.8,13.1,-0
5663.87,13.1,-0
5664.82,13.1,-0
5666.12,13.1,0
5667.61,13.1,1.42272
5669.03,13.1,-1.43582
5673.29,13.1,0
5682.07,13.1,0
5685.38,13.1,-0
5687.14,13.1,-0
5688.48,13.1,-0
5689.17,13.1,-0
5689.94,13.1,1.28475
5690.92,13.1,0
5695.19,13.1,0.637882
5697.69,13.1,-0
5698.44,13.1,-0
5699.14,13.1,-0
5699.85,13.1,0
5700.65,13.1,0
5701.41,13.1,1.55193
5701.95,13.1,-0
5702.67,13.1,0
5703.53,13.1,1.43977
5705.26,13.1,0
5713.53,13.1,0
5716,13.1,-0
5716.81,13.1,-0
5718.06,13.1,0
5719.6,13.1,0
5721.95,13.1,0
5723.82,13.1,-0
5730.95,13.1,0.0421861
5731.71,13.1,-0
5733.19,13.1,0
5734.24,13.1,-1.20542
5735.76,13.1,0
5737.84,13.1,0
5742.66,13.1,0
5744.73,13.1,0.132914
5745.97,13.1,-0
5746.67,13.1,-0
5747.4,13.1,0
5748.2,13.1,0
5749.36,13.1,0
5751.68,13.1,0.612057
5754.94,13.1,0
5756.89,13.1,-0
5759.48,13.1,0
5760.96,13.1,-0
5762.48,13.1,0
5763.27,13.1,-0
5764.29,13.1,-0.915104
5766.42,13.1,0
5769.58,13.1,0
5771.52,13.1,-0
5772.16,13.1,-0.900077
5773.16,13.1,1.2307
5775.69,13.1,0
5780.36,13.1,0
5781.76,13.1,-0
5784.35,13.1,0
5785.27,13.1,-0.633935
5787.49,13.1,0
5789.72,13.1,0
5790.55,13.1,-0
5791.55,13.1,-1.46756
5792.6,13.1,0
5802.92,13.1,0
5803.98,13.1,-0
5804.73,13.1,-0
5805.64,13.1,0
5806.09,13.1,-0.275806
5806.67,13.1,0
5811.42,13.1,0.251887
5812.09,13.1,-0
5814.65,13.1,0
5816.67,13.1,-0
5819.76,13.1,0
5820.23,13.1,-0
5820.99,13.1,0
5821.71,13.1,-0
5823.24,13.1,1.11459
5823.79,13.1,-0.870902
5826.83,13.1,-0.0369048
5837.13,13.1,0
5847.58,13.1,0
5849.65,13.1,-0
5850.86,13.1,-0
5852.08,13.1,-1.56127
5853.07,13.1,-0
5854.22,13.1,0
5855.52,13.1,0
5856.66,13.1,-0
5857.66,13.1,-0
5858.81,13.1,0
5860.29,13.1,0
5862,13.1,0
5863.43,13.1,-0.224691
5864.65,13.1,-0
5868.07,13.1,0
5869.89,13.1,-0.690945
5870.76,13.1,-0
5871.59,13.1,-0
5872.26,13.1,-0
5872.76,13.1,-0
5873.73,13.1,0
5874.73,13.1,1.51912
5878.32,13.1,0
5889.24,13.1,0
5893.31,13.1,-0
5894.6,13.1,-0.546876
5895.37,13.1,1.00227
5896.11,13.1,-0
5896.89,13.1,0
5898.09,13.1,0.985575
5899.71,13.1,0
5906.15,13.1,0
5907.39,13.1,-0
5908.01,13.1,-0
5908.9,13.1,0
5909.51,13.1,-0
5910.18,13.1,0
5911.09,13.1,0
5911.99,13.1,0
5912.97,13.1,0
5916.07,13.1,0
5921.22,13.1,0.383075
5924.35,13.1,-0
5927.61,13.1,0
5930.08,13.1,-0
5931.37,13.1,-0.842737
5932.45,13.1,-0
5938.71,13.1,0
5940.36,13.1,-0
5942.12,13.1,1.12015
5943.94,13.1,1.41214
5946.04,13.1,0.528069
5954.73,13.1,0
5966,13.1,0
5971.1,13.1,-0.0755381
5972.33,13.1,-0
5973.05,13.1,-1.21142
5973.88,13.1,0
5974.42,13.1,-0
5975.07,13.1,0
5975.68,13.1,-0
5976.14,13.1,-0
5977.04,13.1,0
5977.95,13.1,0
5979.18,13.1,1.1255
5981.51,13.1,0
5987,13.1,0
5991.88,13.1,0.833558
5994.36,13.1,-0
5997.09,13.1,0
5998.34,13.1,-0
5999.4,13.1,-0
6000.51,13.1,0
6001.6,13.1,-0
6002.43,13.1,-0
6003.4,13.1,0
6004.32,13.1,-1.53775
6005.51,13.1,-1.36047
6006.85,13.1,0
6013.06,13.1,0
6014.28,13.1,-0
6015.16,13.1,-0
6016.21,13.1,1.44771
6017.08,13.1,-0
6018.12,13.1,0
6019.06,13.1,-0
6019.95,13.1,-0
6021.07,13.1,0
6022.49,13.1,0
6023.69,13.1,-0.767865
6024.64,13.1,-0
6025.91,13.1,0
6030.69,13.1,0
6031.91,13.1,-0
6033.51,13.1,-0.698668
6034.75,13.1,-0
6035.64,13.1,-0
6036.83,13.1,1.3274
6037.74,13.1,-0
6038.83,13.1,0
6040.47,13.1,1.05584
6045.9,13.1,0
6051.15,13.1,-0
6052.21,13.1,-0
6053.16,13.1,-0
6053.98,13.1,-0
6055.25,13.1,-1.0708
6056.26,13.1,-0
6057.28,13.1,1.56437
6059.35,13.1,0
6066.04,13.1,-0.228497
6067.65,13.1,-0
6068.91,13.1,-0
6069.77,13.1,-0
6070.6,13.1,-0
6071.34,13.1,-0
6071.98,13.1,-0
6072.64,13.1,0
6073.59,13.1,0
6074.42,13.1,-0
6075.21,13.1,-1.31562
6076.16,13.1,1.27127
6077.43,13.1,1.27736
6093.71,13.1,0
6097.51,13.1,-0
6100.65,13.1,-0.718022
6103.55,13.1,-0
6107.39,13.1,0
6108.76,13.1,-0
6109.61,13.1,-0
6110.3,13.1,-0
6111.22,13.1,0
6112.14,13.1,0
6112.93,13.1,1.47168
6114.74,13.1,0.969823
6122.35,13.1,0
6133.9,13.1,0.365352
6136.02,13.1,-0
6138.22,13.1,0
6139.33,13.1,-0
6140.37,13.1,-0
6141.55,13.1,0
6142.37,13.1,-1.29085
6143.22,13.1,0
6147.71,13.1,0
6150.49,13.1,1.08455
6152.09,13.1,-0
6153.71,13.1,1.55467
6155.11,13.1,-1.4512
6156.29,13.1,-0
6157.51,13.1,0
6159.88,13.1,0
6164.81,13.1,0.175358
6165.71,13.1,-0
6166.38,13.1,-0
6167.2,13.1,0
6167.81,13.1,-0
6168.6,13.1,0
6169.37,13.1,-0
6170.12,13.1,-0
6170.72,13.1,-0
6171.54,13.3,0
6174.27,13.3,0.353341
6175.25,13.3,-0
6176.16,13.3,-0
6177.29,13.3,0
6179.21,13.3,0.640477
6182.61,13.3,0
6186.46,13.3,-0.0491487
6190.78,13.3,0.450661
6197.34,13.3,0.0933748
6213.38,13.3,0
6214.56,13.3,-0
6215.5,13.3,-0
6216.4,13.3,-0
6217.18,13.3,-0
6218.12,13.3,0
6219.11,13.3,1.52583
6221.78,13.3,0
6230.23,13.3,0
6231.46,13.3,-0.0436762
6232.54,13.3,-0
6233.37,13.3,-0
6234.21,13.3,0
6235.18,13.3,0
6236.07,13.3,-0
6237.21,13.3,0.942003
6239.39,13.3,0
6253.82,13.3,0
6255.32,13.3,-0
6256.26,13.3,-0
6257.4,13.3,-1.33742
6258.73,13.3,1.51878
6267.66,13.3,-0.0679428
6269.54,13.3,0.0605636
6273.56,13.3,0
6283.97,13.3,0
6285.63,13.3,0.00343367
6287.34,13.3,0
6293.02,13.3,0
6294.89,13.3,-0
6297.51,13.3,0.306822
6298.95,13.3,-0
6300.33,13.3,-0
6301.97,13.3,0
6302.74,13.3,-0
6303.39,13.3,-0
6304.14,13.3,0
6304.88,13.3,1.56793
6305.64,13.3,0
6306.54,13.3,0
6307.32,13.3,-0
6308.04,13.3,-1.51261
6308.97,13.3,0
6309.82,13.3,-0
6311.36,13.3,0
6314.61,13.3,0
6316.37,13.3,0.335325
6317.94,13.3,-0
6319.64,13.3,0
6322.86,13.3,0
6325.12,13.3,-0.422527
6328.31,13.3,0
6330.34,13.3,-0
6332.04,13.3,-0
6333.78,13.3,0.78548
6336.9,13.3,0
6340.05,13.3,0
6342,13.3,-0
6344.1,13.3,1.24904
6345.9,13.3,-0
6349.06,13.3,0.0222267
6355.44,13.3,0
6361,13.3,-0
6362.15,13.3,-0
6363.6,13.3,-1.06031
6364.89,13.3,-0
6366.58,13.3,0
6368.04,13.3,-1.49606
6372.2,13.3,-0.452475
6376.51,13.3,0
6377.8,13.3,-0
6379.17,13.3,0
6379.79,13.3,-0
6381.09,13.3,0.197401
6383.71,13.3,0
6390.6,13.3,0
6392.93,13.3,-0
6394.06,13.3,-0
6395.2,13.3,0
6395.9,13.3,0.904239
6396.67,13.3,0
6397.51,13.3,1.54742
6398.32,13.3,-0
6401.37,13.3,0
6402.5,13.3,-0
6403.26,13.3,-0
6403.94,13.3,-0
6404.48,13.3,-0
6405.29,13.3,-1.11296
6406.24,13.3,0
6410.93,13.3,0
6412,13.3,-0
6413.2,13.3,0
6414.23,13.3,-0
6414.93,13.3,-0
6415.83,13.3,0
6416.71,13.3,-0
6417.96,13.3,-1.0946
6418.76,13.3,-1.33055
6421.07,13.3,0
6429.27,13.3,0
6430.7,13.3,0.140812
6431.97,13.3,-0
6433.28,13.3,0
6434.35,13.3,-0
6435.62,13.3,-0.620249
6438.17,13.3,0
6446.55,13.3,0.25555
6447.24,13.3,-0
6448.01,13.3,0
6448.68,13.3,-0
6449.34,13.3,-0
6450.07,13.3,0
6450.79,13.3,-0
6451.35,13.3,-0
6452.04,13.3,0
6452.64,13.3,-0
6453.36,13.3,1.4705
6454.41,13.3,0
6460.16,13.3,0
6462.31,13.3,0.619065
6463.75,13.3,-0.937372
6465.12,13.3,-0
6466.24,13.3,-0
6468.87,13.3,0.767676
6471.8,13.3,0
6475.69,13.3,0
6477.88,13.3,-0
6479.35,13.3,-1.24478
6481.62,13.3,0
6484.95,13.3,0
6489.21,13.3,0
6490.58,13.3,-0
6491.8,13.3,-1.35897
6493.51,13.3,0
6495.24,13.3,0
6496.44,13.3,-0
6497.64,13.3,0
6498.85,13.3,0
6500.48,13.3,-0.720071
6503.1,13.3,0
6505,13.3,-0
6507.06,13.3,0
6509.89,13.3,0
6511.44,13.3,-0.208674
6512.52,13.3,-0
6514.31,13.3,0
6515.54,13.3,-0
6516.92,13.3,0
6518.33,13.3,0
6520.33,13.3,0
6521.59,13.3,-0.651707
6522.9,13.3,0
6524.03,13.3,-0
6524.78,13.3,-0
6525.28,13.3,-0
6525.76,13.3,-0
6526.34,13.3,0
6527.05,13.3,0
6527.73,13.3,-0
6528.37,13.3,-0
6529,13.3,0
6529.6,13.3,-0
6530.23,13.3,-1.5168
6531.03,13.3,0
6532.42,13.3,0
6534.35,13.3,0
6535.14,13.3,-0
6537.41,13.3,0
6539.21,13.3,0.526049
6540.33,13.3,-0
6541.42,13.3,-0
6542.53,13.3,0
6544.61,13.3,0
6545.23,13.3,-0
6548.17,13.3,0.159913
6550.51,13.3,-0
6553.19,13.3,0
6555.18,13.3,-0
6556.93,13.3,1.2394
6558.39,13.3,-0
6561,13.3,0
6562.26,13.3,-0
6563.39,13.3,-0
6564.11,13.3,-1.45102
6564.93,13.3,0
6566.3,13.3,0
6570.03,13.3,0
6572.42,13.3,-0
6573.8,13.3,0.645878
6574.98,13.3,-0
6576.76,13.3,0
6578.76,13.3,0
6582.03,13.3,0
6584.38,13.3,-0
6586.62,13.3,-1.51471
6588.54,13.3,1.42332
6590.77,13.3,0
6592.94,13.3,-0
6596.73,13.3,0.785398
6598.86,13.3,-0
6600.24,13.3,-0
6602.46,13.3,0
6603.8,13.3,-0
6604.87,13.3,-0
6605.46,13.3,0.977791
6606.3,13.3,0
6609.88,13.3,0
6611.8,13.3,-0
6613.03,13.3,-0
6614.11,13.3,-0
6615.27,13.3,0
6615.64,13.3,-0
6617.28,13.3,1.16306
6617.5,13.3,-0
6620.43,13.3,-0.632984
6621.97,13.3,-0.785401
6624.77,13.3,0
6629.76,13.3,0
6630.54,13.3,-0
6632.24,13.3,0
6634.72,13.3,0
6636.46,13.3,-0.724699
6637.36,13.3,-0
6638.66,13.3,0
6639.33,13.3,-0
6640.9,13.3,0
6642.58,13.3,0
6643.95,13.3,-0
6645.33,13.3,0.321311
6646.88,13.3,0
6648.75,13.3,0
6649.84,13.3,-0
6651.24,13.3,0
6652.67,13.3,0
6653.78,13.3,-0
6654.67,13.3,-0
6655.42,13.3,-0
6656.04,13.3,-0
6656.49,13.3,-1.17846
6656.91,13.3,-0
6658.78,13.3,-0.914517
6660.66,13.3,1.5548
6665.84,13.3,0
6671.45,13.3,0
6672.21,13.3,-0.29415
6676.85,13.3,-0.524112
6679.9,13.3,-0
6683.82,13.3,0.944194
6688.53,13.3,0
6690.82,13.3,-0
6691.8,13.3,-0
6693.89,13.3,0
6695.27,13.3,-0
6697.09,13.3,0.134739
6698.87,13.3,-0
6702.55,13.3,-0.160031
6706.4,13.3,0
6710.69,13.3,0.48376
6712.61,13.3,-0
6719.76,13.3,0
6721.27,13.6,-0.178326
6726.48,13.6,0
6728.3,13.6,-0
6730.03,13.6,-0
6732.15,13.6,-1.41815
6735.05,13.6,1.09371
6736.53,13.6,-0
6739.19,13.6,0
6741.66,13.6,-0
6744.15,13.6,1.55912
6747.97,13.6,0
6751.02,13.6,1.27411
6753.77,13.6,-1.16591
6757.93,13.6,0
6761.47,13.6,-0
6764.45,7.8,-0
6764.95,11.7,-0
6765.46,11.7,0
6769.47,11.7,0
6771.2,11.7,-0.750255
6772.2,11.7,-0
6773.21,11.7,1.56577
6774.97,11.7,0
6784.49,11.7,0
6788.83,11.7,-0.157624
6793.94,11.7,0
6795.68,11.7,-0
6797.3,11.7,1.53887
6799.35,11.7,1.05165
6801.83,11.7,1.30365
6809.59,11.7,0
6822.27,5.8,-0
6833.51,5.8,-1.19991
6840.05,5.8,-0
6846.21,5.8,-0
6848.36,5.8,-0
6857.29,5.8,0
6858.49,5.8,-0
6859.24,5.8,-0
6860.08,5.8,0
6860.95,5.8,0
6863.96,5.8,0
